Timestamp,Prompt,Intent,Status,Attempts_Needed,Final_Error,Human_overview
2026-02-25 22:49:15,5mm hollow pipe with 10mm length,Container:True | Bracket:False | Printable:False,SUCCESS,3,None,60x60 solid block
2026-02-25 23:32:06,make a 3 mm inner diameter to 5mm outer diameter hollow ring,Container:True | Bracket:False | Printable:False,FAILED,5,Python Execution Error: name 'cut' is not defined
2026-02-25 23:48:12,Make a 5mm diameter ring with 2mm wall thickness,Container:False | Bracket:False | Printable:False,SUCCESS,3,None
2026-02-26 20:38:22,"Make a 3D printable L-bracket that is 30mm tall, has a flat base, and includes two 5mm diameter mounting holes.","{""is_container"": false, ""requires_holes"": false, ""is_3d_printable"": false, ""target_dimension"": null}",FAILED,5,Python Execution Error: name 'translate' is not defined
2026-02-26 21:21:55,"Make a 3D printable L-bracket that is 30mm tall, has a flat base, and includes two 5mm diameter mounting holes.","{""is_container"": false, ""requires_holes"": true, ""is_3d_printable"": true, ""target_dimension"": 30}",FAILED,5,"CRITICAL API FIX: Circle() is a 2D object for BuildSketch. To make a 3D cylinder in BuildPart, use Cylinder(radius=..., height=...).

Original Traceback: Python Execution Error: BuildPart doesn't have a Circle object or operation (Circle applies to ['BuildSketch'])"
2026-02-26 22:28:34,"Make a 3D printable L-bracket that is 30mm tall, has a flat base, and includes two 5mm diameter mounting holes","{""is_container"": false, ""requires_holes"": true, ""is_3d_printable"": true, ""target_dimension"": 30.0}",SUCCESS,4,None
2026-02-26 22:33:57,"Make a 3D printable L-bracket that is 30mm tall, has a flat base, and includes two 5mm diameter mounting holes","{""is_container"": false, ""requires_holes"": true, ""is_3d_printable"": true, ""target_dimension"": 30.0}",SUCCESS,4,None
2026-02-26 23:35:24,"Make a 3D printable L-bracket that is 30mm tall, has a flat base, and includes two 5mm diameter mounting holes","{""is_container"": false, ""requires_holes"": true, ""is_3d_printable"": true, ""target_dimension"": 30.0}",FAILED,5,Python Execution Error: 'Part' object has no attribute 'export_stl'
2026-02-26 23:55:38,"Make a 3D printable L-bracket that is 30mm tall, has a flat base, and includes two 5mm diameter mounting holes","{""is_container"": false, ""requires_holes"": true, ""is_3d_printable"": true, ""target_dimension"": 30.0}",FAILED,5,You failed to wrap your Python code in <code> tags.
2026-02-27 00:15:14,30mm L-bracket with two 5mm diameter mounting holes,"{""is_container"": false, ""requires_holes"": true, ""is_3d_printable"": false, ""target_dimension"": 30.0}",FAILED,5,You failed to wrap your Python code in <code> tags.
2026-02-27 00:34:10,"Make a 3D printable L-bracket that is 30mm tall, has a flat base, and includes two 5mm diameter mounting holes","{""is_container"": false, ""requires_holes"": true, ""is_3d_printable"": true, ""target_dimension"": 30.0}",FAILED,5,"The code executed and validated, but no STEP or STL file was found."
2026-02-28 22:57:03,5mm rectangular base with 3mm thickness,"{""is_container"": false, ""requires_holes"": false, ""is_3d_printable"": false, ""target_dimension"": 5}",SUCCESS,2,None
2026-02-28 23:06:24,"""Make a 20mm 3D printable sphere.","{""is_container"": false, ""requires_holes"": false, ""is_3d_printable"": true, ""target_dimension"": 20.0}",FAILED,5,"{
  ""error_type"": ""EngineeringViolation"",
  ""issue"": ""Printability / Adhesion"",
  ""message"": ""The part does not have a flat base on the XY plane (Z-min), which is required for 3D printing adhesion.""
}"
2026-02-28 23:13:57,Make a 15mm wall mount.,"{""is_container"": false, ""requires_holes"": true, ""is_3d_printable"": false, ""target_dimension"": 15}",SUCCESS,2,None
2026-02-28 23:22:06,Make a 40mm tall inverted cone balancing on its sharp tip,"{""is_container"": false, ""requires_holes"": false, ""is_3d_printable"": true, ""target_dimension"": 40.0}",FAILED,5,"{
  ""error_type"": ""ScaleViolation"",
  ""actual_size"": 160.0,
  ""requested_size"": 40.0,
  ""message"": ""Dimension Mismatch: The part is 160.0mm, but requested 40.0mm. (Allowed range: 0.5x - 1.5x).""
}"
2026-02-28 23:30:55,Make a 20mm 3D printable sphere,"{""is_container"": false, ""requires_holes"": false, ""is_3d_printable"": true, ""target_dimension"": 20.0}",FAILED,5,"{
  ""error_type"": ""EngineeringViolation"",
  ""issue"": ""Printability / Adhesion"",
  ""message"": ""The part does not have a flat base on the XY plane (Z-min), which is required for 3D printing adhesion. HINT TO FIX: To create a flat base, slice a small amount off the bottom (Z-min) using a boolean subtraction. For example: `bottom_cutter = Box(100, 100, 2, align=(Align.CENTER, Align.CENTER, Align.MAX)).translate((0, 0, final_part.bounding_box().min.Z + 1))` then `final_part = final_part - bottom_cutter`.""
}"
2026-02-28 23:40:26,20mm 3D printable sphere,"{""is_container"": false, ""requires_holes"": false, ""is_3d_printable"": true, ""target_dimension"": 20.0}",FAILED,5,"{
  ""error_type"": ""EngineeringViolation"",
  ""issue"": ""Printability / Adhesion"",
  ""message"": ""The part does not have a flat base on the XY plane (Z-min), which is required for 3D printing adhesion. HINT TO FIX: To create a flat base, slice a small amount off the bottom (Z-min) using a boolean subtraction. Make sure the cutter box dynamically scales with your part so you don't break the target dimensions. Example: `bbox = final_part.bounding_box()` `cutter = Box(bbox.size.X * 2, bbox.size.Y * 2, 2, align=(Align.CENTER, Align.CENTER, Align.MAX)).translate((0, 0, bbox.min.Z + 1))` `final_part = final_part - cutter`""
}"
2026-02-28 23:52:02,Make a 20mm 3d printable sphere,"{""is_container"": false, ""requires_holes"": false, ""is_3d_printable"": true, ""target_dimension"": 20.0}",SUCCESS,4,None
2026-03-01 00:07:16,"""Make a 20mm hollow cup with paper-thin 0.1mm walls.""","{""is_container"": true, ""requires_holes"": false, ""is_3d_printable"": false, ""target_dimension"": 20.0}",FAILED,5,Python Execution Error: name 'BuildPart' is not defined
2026-03-01 00:16:45,"""Make a 20mm 3D printable hollow cup with paper-thin 0.1mm walls.""","{""is_container"": true, ""requires_holes"": false, ""is_3d_printable"": true, ""target_dimension"": 20.0}",FAILED,5,Python Execution Error: list index out of range
2026-03-01 00:45:56,"""Make a 20mm 3D printable hollow cup with paper-thin 0.1mm walls.""","{""is_container"": true, ""requires_holes"": false, ""is_3d_printable"": true, ""target_dimension"": 20}",FAILED,5,"CRITICAL API FIX: You tried to access a face in an empty list. When selecting the top face for an opening, use the robust selector: openings = main_body.faces().max(Axis.Z)

Original Traceback: Python Execution Error: list index out of range"
2026-03-01 00:57:05,"""Make a 20mm 3D printable hollow cup with paper-thin 0.1mm walls.","{""is_container"": true, ""requires_holes"": false, ""is_3d_printable"": true, ""target_dimension"": 20}",FAILED,5,Python Execution Error: name 'show_all' is not defined
2026-03-01 01:16:58,Make a 20mm 3D printable hollow cup with paper-thin 0.1mm walls,"{""is_container"": true, ""requires_holes"": false, ""is_3d_printable"": true, ""target_dimension"": 20.0}",FAILED,5,"User requested a hollow container, but the generated part is solid. Do NOT use shell() or offset(). Instead, hollow it out using Boolean Subtraction. Example: Create your outer solid, then use `with Locations((0, 0, wall_thickness)):` to position a smaller inner solid, and finally do `final_part = outer_body - inner_body`."
2026-03-01 01:26:50, Make a 20mm 3D printable hollow cup with paper-thin 0.1mm walls,"{""is_container"": true, ""requires_holes"": false, ""is_3d_printable"": true, ""target_dimension"": 20}",FAILED,5,"Dimension Mismatch: The part is 50.0mm, but requested 20mm. (Allowed range: 0.5x - 1.5x). HINT: If you are using primitive shapes like Sphere, Cylinder, or Cone, remember that the parameter is usually 'radius', not 'diameter' or 'width'. If the requested size is X, your radius should probably be X/2. Do not blindly double the size if you are trying to shrink it."
2026-03-01 01:41:34, Make a 20mm 3D printable hollow cup with paper-thin 0.1mm walls ,"{""is_container"": true, ""requires_holes"": false, ""is_3d_printable"": true, ""target_dimension"": 20.0}",FAILED,5,Python Execution Error: name 'show_object' is not defined
2026-03-01 02:01:51,Make a 20mm 3D printable hollow cup with paper-thin 0.1mm walls,"{""is_container"": true, ""requires_holes"": false, ""is_3d_printable"": true, ""target_dimension"": 20}",FAILED,5,Python Execution Error: The variable 'final_part' (or 'part') was not assigned.
2026-03-01 12:48:37,Make a 20mm 3D printable hollow cup with paper-thin 0.1mm walls,"{""is_container"": true, ""requires_holes"": false, ""is_3d_printable"": true, ""target_dimension"": 20}",FAILED,5,Python Execution Error: Nothing to subtract from
2026-03-01 13:04:15,Make a 20mm 3D printable hollow cup with paper-thin 0.1mm walls,"{""is_container"": true, ""requires_holes"": false, ""is_3d_printable"": true, ""target_dimension"": 20.0}",FAILED,5,"User requested a hollow container, but the generated part is completely solid. Use Boolean Subtraction to hollow it out. Example: `with Locations((0, 0, wall_thickness)): Cylinder(radius=inner_r, height=inner_h, mode=Mode.SUBTRACT)`"
2026-03-01 13:12:26,Make a 20mm 3D printable hollow cup with 2mm walls,"{""is_container"": true, ""requires_holes"": false, ""is_3d_printable"": true, ""target_dimension"": 20.0}",SUCCESS,1,None
2026-03-01 13:30:21,"""Make a 40mm L-bracket with a 4mm mounting hole.","{""is_container"": false, ""requires_holes"": true, ""is_3d_printable"": false, ""target_dimension"": 40.0}",SUCCESS,3,None
2026-03-01 14:38:41,Make a 40mm L-bracket with a 4mm mounting hole.,"{""is_bracket"": true, ""is_container"": false, ""requires_holes"": true, ""is_3d_printable"": false, ""target_dimension"": 40.0}",FAILED,5,"Dimension Mismatch: The part is 62.5mm, but requested 40.0mm. (Allowed range: 0.5x - 1.5x). HINT: If you are using primitive shapes like Sphere, Cylinder, or Cone, remember that the parameter is usually 'radius', not 'diameter' or 'width'. If the requested size is X, your radius should probably be X/2. Do not blindly double the size if you are trying to shrink it."
2026-03-01 14:54:01,Make a 40mm L-bracket with a 4mm mounting hole.,"{""is_bracket"": true, ""is_container"": false, ""requires_holes"": true, ""is_3d_printable"": false, ""target_dimension"": 40.0}",SUCCESS,1,None
2026-03-01 14:58:00,Make a 20mm L-bracket with a 1mm mounting hole.,"{""is_bracket"": true, ""is_container"": false, ""requires_holes"": true, ""is_3d_printable"": false, ""target_dimension"": 20}",SUCCESS,1,None
2026-03-01 15:09:39,20mm L-bracket with a 1mm mounting hole,"{""is_bracket"": true, ""is_container"": false, ""requires_holes"": true, ""is_3d_printable"": false, ""target_dimension"": 20.0}",SUCCESS,1,None
2026-03-01 15:20:25,"""Make a 3D printable top-heavy stand. The base is a small 10x10x5mm box. On top of that base, add a massive 60x60x10mm box, but shift the massive box 40mm to the right so the entire structure is completely unbalanced","{""is_bracket"": false, ""is_container"": true, ""requires_holes"": false, ""is_3d_printable"": true, ""target_dimension"": 60.0}",FAILED,5,Center of mass is outside the base footprint. Widen the base or shift mass to improve stability.
2026-03-01 15:59:06,"Make a desktop headphone stand. It has a tiny 10x10x5mm base plate. A vertical 5x5x60mm pillar stands on the base. At the top of the pillar, a 50x10x5mm horizontal arm extends entirely to the right side to hold the headphones","{""is_bracket"": false, ""is_container"": false, ""requires_holes"": true, ""is_3d_printable"": true, ""target_dimension"": null}",FAILED,5,Python Execution Error: 'Location' object does not support the context manager protocol
2026-03-01 19:49:58," Make a desktop headphone stand. It has a tiny 10x10x5mm base plate. A vertical 5x5x60mm pillar stands on the base. At the top of the pillar, a 50x10x5mm horizontal arm extends entirely to the right side to hold the headphones","{""is_bracket"": false, ""is_container"": false, ""requires_holes"": true, ""is_3d_printable"": false, ""target_dimension"": 60}",FAILED,5,Python Execution Error: 'Plane' object has no attribute 'at'
2026-03-01 20:01:09," Make a desktop headphone stand. It has a tiny 10x10x5mm base plate. A vertical 5x5x60mm pillar stands on the base. At the top of the pillar, a 50x10x5mm horizontal arm extends entirely to the right side to hold the headphones","{""is_bracket"": false, ""is_container"": false, ""requires_holes"": true, ""is_3d_printable"": false, ""target_dimension"": null}",FAILED,5,Python Execution Error: (extrude doesn't apply to ['BuildPart'])
2026-03-01 20:19:43,"Make a desktop headphone stand. It has a tiny 10x10x5mm base plate. A vertical 5x5x40mm pillar stands on the base. At the top of the pillar, a 50x10x5mm horizontal arm extends entirely to the right side to hold the headphones","{""is_bracket"": false, ""is_container"": true, ""requires_holes"": true, ""is_3d_printable"": false, ""target_dimension"": null}",FAILED,5,Python Execution Error: BuildPart is a builder of Shapes and can't be combined. The object being constructed is accessible via the 'part' attribute.
2026-03-01 21:04:02,"Make a desktop headphone stand. It has a tiny 10x10x5mm base plate. A vertical 5x5x40mm pillar stands on the base. At the top of the pillar, a 50x10x5mm horizontal arm extends entirely to the right side to hold the headphones","{""is_bracket"": false, ""is_container"": false, ""requires_holes"": true, ""is_3d_printable"": false, ""target_dimension"": null}",FAILED,5,Python Execution Error: 'tuple' object is not callable
2026-03-01 22:22:20,"Make a desktop headphone stand. It has a tiny 10x10x5mm base plate. A vertical 5x5x40mm pillar stands on the base. At the top of the pillar, a 50x10x5mm horizontal arm extends entirely to the right side to hold the headphones","{""is_bracket"": false, ""is_container"": false, ""requires_holes"": false, ""is_3d_printable"": true, ""target_dimension"": null}",FAILED,5,"CRITICAL API FIX: Do not use the '@' operator to shift Planes. Use 'with Locations((X, Y, Z)):' to position your parts.

Original Traceback: Python Execution Error: unsupported operand type(s) for @: 'Plane' and 'tuple'"
2026-03-01 22:36:56,"Make a desktop headphone stand. It has a tiny 10x10x5mm base plate. A vertical 5x5x40mm pillar stands on the base. At the top of the pillar, a 50x10x5mm horizontal arm extends entirely to the right side to hold the headphones","{""is_bracket"": false, ""is_container"": false, ""requires_holes"": false, ""is_3d_printable"": true, ""target_dimension"": null}",FAILED,8,"CRITICAL API FIX: CRITICAL API FIX: You are trying to add or subtract the 'BuildPart' object itself! Build your ENTIRE assembly inside ONE SINGLE 'with BuildPart() as p:' block. Do not try to append to 'p'.

Original Traceback: Python Execution Error: BuildPart is a builder of Shapes and can't be combined. The object being constructed is accessible via the 'part' attribute."
2026-03-01 22:55:28,"Make a desktop headphone stand. It has a tiny 10x10x5mm base plate. A vertical 5x5x40mm pillar stands on the base. At the top of the pillar, a 50x10x5mm horizontal arm extends entirely to the right side to hold the headphones","{""is_bracket"": false, ""is_container"": false, ""requires_holes"": false, ""is_3d_printable"": true, ""target_dimension"": null}",FAILED,8,"CRITICAL API FIX: Do not use the '@' operator to shift Planes. Use 'with Locations((X, Y, Z)):' to position your parts.

Original Traceback: Python Execution Error: unsupported operand type(s) for @: 'Plane' and 'tuple'"
2026-03-01 23:07:07,"Make a desk weight. Create a small 10x10x5mm base box. On top of that base, place a long 60x10x5mm rectangular block extending entirely to the right side","{""is_bracket"": false, ""is_container"": false, ""requires_holes"": false, ""is_3d_printable"": false, ""target_dimension"": null}",SUCCESS,6,None
2026-03-01 23:23:48,"Make a desktop microphone stand using align=(Align.MIN, Align.MIN, Align.MIN) for all parts to keep them corner-aligned. The base is a small 10x10x5mm box. A vertical 5x5x50mm pillar stands on it. A 60x5x5mm horizontal boom arm extends entirely to the right from the top of the pillar.","{""is_bracket"": false, ""is_container"": false, ""requires_holes"": false, ""is_3d_printable"": true, ""target_dimension"": null}",SUCCESS,2,None
2026-03-07 19:46:09,Make a simple box that is 5000mm wide,"{""is_bracket"": false, ""is_container"": false, ""requires_holes"": false, ""is_3d_printable"": false, ""target_dimension"": null}",FAILED,5,Python Execution Error: No module named 'build_part'
2026-03-07 19:48:05,Make a tiny cylinder with a radius of 0.001mm,"{""is_bracket"": false, ""is_container"": false, ""requires_holes"": false, ""is_3d_printable"": false, ""target_dimension"": 0.0}",FAILED,5,"CRITICAL: The geometry is valid, but you forgot to export! You MUST include these exact two lines at the end of your script:
export_stl(final_part.part, 'generated_files/generated_part.stl')
export_step(final_part.part, 'generated_files/generated_part.step')"
2026-03-07 19:52:32,Make a simple cube that is 1000mm long,"{""is_bracket"": false, ""is_container"": false, ""requires_holes"": false, ""is_3d_printable"": false, ""target_dimension"": null}",FAILED,5,"Dimension Mismatch: The part is 10.0mm, but requested 1000.0mm. (Allowed range: 0.5x - 1.5x). HINT TO FIX: If you are using primitive shapes like Sphere, Cylinder, or Cone, remember that the parameter is usually 'radius', not 'diameter' or 'width'. If the requested size is X, your radius should probably be X/2. Do not blindly double the size if you are trying to shrink it."
2026-03-07 19:54:13,I want a 2000mm tall cone,"{""is_bracket"": false, ""is_container"": false, ""requires_holes"": false, ""is_3d_printable"": false, ""target_dimension"": null}",FAILED,5,Python Execution Error: Cone.__init__() got an unexpected keyword argument 'radius'
2026-03-07 19:58:44,Create a 0.1mm micro gear,"{""is_bracket"": false, ""is_container"": false, ""requires_holes"": false, ""is_3d_printable"": false, ""target_dimension"": 0.0}",FAILED,5,Python Execution Error: Cylinder.__init__() got an unexpected keyword argument 'r'
2026-03-07 20:03:32,Make a cup with walls that are exactly 0.01mm thick,"{""is_bracket"": false, ""is_container"": true, ""requires_holes"": false, ""is_3d_printable"": false, ""target_dimension"": 0.0}",FAILED,5,"CRITICAL API FIX: You tried to access a face in an empty list. Avoid complex face selection like `.faces().sort_by()[-1]`. If you are trying to make a hollow object, use basic Boolean Subtraction instead (outer_shape - inner_shape).

Original Traceback: Python Execution Error: list index out of range"
2026-03-07 20:06:18,Make a solid cylinder but call it a container,"{""is_bracket"": false, ""is_container"": true, ""requires_holes"": false, ""is_3d_printable"": false, ""target_dimension"": null}",FAILED,5,"CRITICAL: The geometry is valid, but you forgot to export! You MUST include these exact two lines at the end of your script:
export_stl(final_part.part, 'generated_files/generated_part.stl')
export_step(final_part.part, 'generated_files/generated_part.step')"
2026-03-07 20:08:51,Make a simple hollow box with 0.05mm thick walls,"{""is_bracket"": false, ""is_container"": true, ""requires_holes"": false, ""is_3d_printable"": false, ""target_dimension"": 0.0}",FAILED,5,"CRITICAL: The geometry is valid, but you forgot to export! You MUST include these exact two lines at the end of your script:
export_stl(final_part.part, 'generated_files/generated_part.stl')
export_step(final_part.part, 'generated_files/generated_part.step')"
2026-03-07 20:11:49,Create a vase with 0.1mm walls,"{""is_bracket"": false, ""is_container"": true, ""requires_holes"": false, ""is_3d_printable"": false, ""target_dimension"": 0.0}",FAILED,5,"User requested a hollow container, but the generated part is completely solid. Use Boolean Subtraction to hollow it out. HINT TO FIX: `with Locations((0, 0, wall_thickness)): Cylinder(radius=inner_r, height=inner_h, mode=Mode.SUBTRACT)`"
2026-03-07 20:16:35,Make a bowl but forget to hollow it out,"{""is_bracket"": false, ""is_container"": true, ""requires_holes"": false, ""is_3d_printable"": false, ""target_dimension"": null}",FAILED,5,Python Execution Error: No module named 'solid'
2026-03-07 20:21:06,Make an L-bracket but just generate a flat plate,"{""is_bracket"": true, ""is_container"": false, ""requires_holes"": false, ""is_3d_printable"": false, ""target_dimension"": null}",FAILED,5,"CRITICAL API FIX: You must assign your final geometry to a variable exactly named 'final_part'. Do not name it 'final_shape' or anything else.

Original Traceback: Python Execution Error: The variable 'final_part' (or 'part') was not assigned."
2026-03-07 20:25:19,Make a simple U-bracket that is just a solid block,"{""is_bracket"": true, ""is_container"": false, ""requires_holes"": false, ""is_3d_printable"": false, ""target_dimension"": null}",FAILED,5,Python Execution Error: 'BuildPart' has no attribute 'moved'. Did you intend '<BuildPart>.part.moved'?
2026-03-07 20:31:04,Make a bracket with a hole right on the extreme outer edge,"{""is_bracket"": true, ""is_container"": false, ""requires_holes"": true, ""is_3d_printable"": false, ""target_dimension"": null}",FAILED,5,"CRITICAL: The geometry is valid, but you forgot to export! You MUST include these exact two lines at the end of your script:
export_stl(final_part.part, 'generated_files/generated_part.stl')
export_step(final_part.part, 'generated_files/generated_part.step')"
2026-03-07 20:35:46,Make a mounting plate with a cutout that is half outside the edge,"{""is_bracket"": false, ""is_container"": false, ""requires_holes"": true, ""is_3d_printable"": false, ""target_dimension"": null}",FAILED,5,"Hole Placement Error: Your holes are cutting into the outer edges of the bounding box, creating open semi-circles. HINT TO FIX: You MUST move the Pos(X,Y) coordinates of your subtraction cylinders inward by at least `radius + 2mm` so the holes are fully enclosed by solid material."
2026-03-07 20:40:24,Create a simple L-bracket but do not add any holes,"{""is_bracket"": true, ""is_container"": false, ""requires_holes"": true, ""is_3d_printable"": false, ""target_dimension"": null}",FAILED,5,Python Execution Error: 'BuildLine' has no attribute 'pending_edges'. Did you intend '<BuildLine>.line.pending_edges'?
2026-03-07 20:43:28,Make a T-shape with a 100mm wide top and a 1mm wide bottom base,"{""is_bracket"": false, ""is_container"": false, ""requires_holes"": false, ""is_3d_printable"": false, ""target_dimension"": null}",FAILED,5,"CRITICAL: The geometry is valid, but you forgot to export! You MUST include these exact two lines at the end of your script:
export_stl(final_part.part, 'generated_files/generated_part.stl')
export_step(final_part.part, 'generated_files/generated_part.step')"
2026-03-07 20:48:21,Make an inverted cone balancing on its sharp tip,"{""is_bracket"": false, ""is_container"": false, ""requires_holes"": false, ""is_3d_printable"": false, ""target_dimension"": null}",FAILED,5,Python Execution Error: Cone.__init__() got an unexpected keyword argument 'radius'
2026-03-07 20:53:26,Make a heavy 50x50 block cantilevered far off a 5x5 base,"{""is_bracket"": false, ""is_container"": false, ""requires_holes"": false, ""is_3d_printable"": false, ""target_dimension"": null}",FAILED,5,"Dimension Mismatch: The part is 100.0mm, but requested 50.0mm. (Allowed range: 0.5x - 1.5x). HINT TO FIX: If you are using primitive shapes like Sphere, Cylinder, or Cone, remember that the parameter is usually 'radius', not 'diameter' or 'width'. If the requested size is X, your radius should probably be X/2. Do not blindly double the size if you are trying to shrink it."
2026-03-07 20:58:35,Create a basic pyramid balancing upside down,"{""is_bracket"": false, ""is_container"": false, ""requires_holes"": false, ""is_3d_printable"": false, ""target_dimension"": null}",FAILED,5,Python Execution Error: BuildPart doesn't have a Polygon object or operation (Polygon applies to ['BuildSketch'])
2026-03-07 21:04:00,Make an object with a massive flat top supported by a tiny 1mm pin,"{""is_bracket"": false, ""is_container"": false, ""requires_holes"": false, ""is_3d_printable"": false, ""target_dimension"": null}",FAILED,5,Python Execution Error: 'BuildPart' has no attribute 'box'. Did you intend '<BuildPart>.part.box'?
2026-03-07 21:33:40,Make a simple box that is 5000mm wide,"{""is_bracket"": false, ""is_container"": false, ""requires_holes"": false, ""is_3d_printable"": false, ""target_dimension"": null}",FAILED,15,"CRITICAL: The geometry is valid, but you forgot to export! You MUST include these exact two lines at the end of your script:
export_stl(final_part.part, 'generated_files/generated_part.stl')
export_step(final_part.part, 'generated_files/generated_part.step')"
2026-03-07 21:38:17,Make a tiny cylinder with a radius of 0.001mm,"{""is_bracket"": false, ""is_container"": false, ""requires_holes"": false, ""is_3d_printable"": false, ""target_dimension"": 0.0}",FAILED,15,"CRITICAL: The geometry is valid, but you forgot to export! You MUST include these exact two lines at the end of your script:
export_stl(final_part.part, 'generated_files/generated_part.stl')
export_step(final_part.part, 'generated_files/generated_part.step')"
2026-03-07 21:56:46,Make a simple box that is 5000mm wide,"{""is_bracket"": false, ""is_container"": false, ""requires_holes"": false, ""is_3d_printable"": false, ""target_dimension"": null}",SUCCESS,4,None
2026-03-07 21:57:41,Make a tiny cylinder with a radius of 0.001mm,"{""is_bracket"": false, ""is_container"": false, ""requires_holes"": false, ""is_3d_printable"": false, ""target_dimension"": 0.0}",SUCCESS,1,None
2026-03-07 22:07:08,Make a simple cube that is 1000mm long,"{""is_bracket"": false, ""is_container"": false, ""requires_holes"": false, ""is_3d_printable"": false, ""target_dimension"": null}",SUCCESS,10,None
2026-03-07 22:11:39,I want a 2000mm tall cone,"{""is_bracket"": false, ""is_container"": false, ""requires_holes"": false, ""is_3d_printable"": false, ""target_dimension"": null}",FAILED,15,Python Execution Error: Cone.__init__() got an unexpected keyword argument 'radius'
2026-03-07 22:28:48,Create a 0.1mm micro gear,"{""is_bracket"": false, ""is_container"": false, ""requires_holes"": false, ""is_3d_printable"": false, ""target_dimension"": 0.0}",FAILED,15,Python Execution Error: name 'Gear' is not defined
2026-03-07 22:30:06,Make a cup with walls that are exactly 0.01mm thick,"{""is_bracket"": false, ""is_container"": true, ""requires_holes"": false, ""is_3d_printable"": false, ""target_dimension"": 0.0}",SUCCESS,1,None
2026-03-07 22:31:46,Make a solid cylinder but call it a container,"{""is_bracket"": false, ""is_container"": true, ""requires_holes"": false, ""is_3d_printable"": false, ""target_dimension"": null}",SUCCESS,3,None
2026-03-07 22:33:03,Make a simple hollow box with 0.05mm thick walls,"{""is_bracket"": false, ""is_container"": true, ""requires_holes"": false, ""is_3d_printable"": false, ""target_dimension"": 0.0}",SUCCESS,2,None
2026-03-07 22:36:07,Create a vase with 0.1mm walls,"{""is_bracket"": false, ""is_container"": true, ""requires_holes"": false, ""is_3d_printable"": false, ""target_dimension"": 0.0}",SUCCESS,5,None
2026-03-07 22:53:07,Make a bowl but forget to hollow it out,"{""is_bracket"": false, ""is_container"": true, ""requires_holes"": false, ""is_3d_printable"": false, ""target_dimension"": null}",FAILED,15,"CRITICAL: The geometry is valid, but you forgot to export! You MUST include these exact two lines at the end of your script:
export_stl(final_part.part, 'generated_files/generated_part.stl')
export_step(final_part.part, 'generated_files/generated_part.step')"
2026-03-07 23:08:46,Make an L-bracket but just generate a flat plate,"{""is_bracket"": true, ""is_container"": false, ""requires_holes"": false, ""is_3d_printable"": false, ""target_dimension"": null}",FAILED,15,"User requested a bracket, but you generated a flat plate or solid block. A bracket must have horizontal and vertical flanges (an L-shape or U-shape). HINT TO FIX: Create an L-bracket by combining two boxes using the addition operator `+`. Ensure one box is vertical and one is horizontal, and they share a corner."
2026-03-07 23:23:29,Make a simple U-bracket that is just a solid block,"{""is_bracket"": true, ""is_container"": false, ""requires_holes"": false, ""is_3d_printable"": false, ""target_dimension"": null}",FAILED,15,"User requested mounting holes, but no cylindrical cavities were detected. Use boolean subtraction to add holes. HINT TO FIX: You must use the minus operator (-) to subtract a Cylinder from your main body. Example: `hole = Cylinder(radius=2.5, height=50); final_part = main_body - hole`."
2026-03-07 23:24:48,Make a bracket with a hole right on the extreme outer edge,"{""is_bracket"": true, ""is_container"": false, ""requires_holes"": true, ""is_3d_printable"": false, ""target_dimension"": null}",SUCCESS,1,None
2026-03-07 23:39:28,Make a mounting plate with a cutout that is half outside the edge,"{""is_bracket"": false, ""is_container"": false, ""requires_holes"": true, ""is_3d_printable"": false, ""target_dimension"": null}",FAILED,15,"Hole Placement Error: Your holes are cutting into the outer edges of the bounding box, creating open semi-circles. HINT TO FIX: You MUST move the Pos(X,Y) coordinates of your subtraction cylinders inward by at least `radius + 2mm` so the holes are fully enclosed by solid material."
2026-03-07 23:56:21,Create a simple L-bracket but do not add any holes,"{""is_bracket"": true, ""is_container"": false, ""requires_holes"": true, ""is_3d_printable"": false, ""target_dimension"": null}",FAILED,15,Python Execution Error: No module named 'solid'
2026-03-07 23:57:51,Make a T-shape with a 100mm wide top and a 1mm wide bottom base,"{""is_bracket"": false, ""is_container"": false, ""requires_holes"": false, ""is_3d_printable"": false, ""target_dimension"": null}",SUCCESS,2,None
2026-03-08 00:12:15,Make an inverted cone balancing on its sharp tip,"{""is_bracket"": false, ""is_container"": false, ""requires_holes"": false, ""is_3d_printable"": false, ""target_dimension"": null}",FAILED,15,Python Execution Error: Cone.__init__() got an unexpected keyword argument 'radius_top'
2026-03-08 00:29:31,Make a heavy 50x50 block cantilevered far off a 5x5 base,"{""is_bracket"": false, ""is_container"": false, ""requires_holes"": false, ""is_3d_printable"": false, ""target_dimension"": null}",FAILED,15,"CRITICAL: The geometry is valid, but you forgot to export! You MUST include these exact two lines at the end of your script:
export_stl(final_part.part, 'generated_files/generated_part.stl')
export_step(final_part.part, 'generated_files/generated_part.step')"
2026-03-08 00:34:48,Create a basic pyramid balancing upside down,"{""is_bracket"": false, ""is_container"": false, ""requires_holes"": false, ""is_3d_printable"": false, ""target_dimension"": null}",SUCCESS,5,None
2026-03-08 00:49:59,Make an object with a massive flat top supported by a tiny 1mm pin,"{""is_bracket"": false, ""is_container"": false, ""requires_holes"": false, ""is_3d_printable"": false, ""target_dimension"": null}",FAILED,15,Python Execution Error: name 'Extrude' is not defined
2026-03-08 01:06:47,Make a flat roof floating exactly 50mm in mid-air above the base,"{""is_bracket"": false, ""is_container"": false, ""requires_holes"": false, ""is_3d_printable"": false, ""target_dimension"": null}",FAILED,15,Python Execution Error: name 'Translate' is not defined
2026-03-08 01:08:25,Make a horizontal balcony with no supports underneath,"{""is_bracket"": false, ""is_container"": false, ""requires_holes"": false, ""is_3d_printable"": false, ""target_dimension"": null}",SUCCESS,2,None
2026-03-08 01:10:15,Create a flat table top but forget to add the legs touching the ground,"{""is_bracket"": false, ""is_container"": false, ""requires_holes"": false, ""is_3d_printable"": false, ""target_dimension"": null}",SUCCESS,2,None
2026-03-08 01:11:27,Make a severe 90-degree overhang jutting sideways from a wall,"{""is_bracket"": false, ""is_container"": false, ""requires_holes"": false, ""is_3d_printable"": false, ""target_dimension"": 90.0}",SUCCESS,1,None
2026-03-08 01:12:10,Create a floating cube that doesn't touch the z-min floor at all,"{""is_bracket"": false, ""is_container"": false, ""requires_holes"": false, ""is_3d_printable"": false, ""target_dimension"": null}",SUCCESS,1,None
2026-03-08 01:12:57,Make a basic 50x50x5mm plate,"{""is_bracket"": false, ""is_container"": false, ""requires_holes"": false, ""is_3d_printable"": false, ""target_dimension"": null}",SUCCESS,1,None
2026-03-08 01:13:44,Create a simple cylinder with a radius of 10 and height of 20,"{""is_bracket"": false, ""is_container"": false, ""requires_holes"": false, ""is_3d_printable"": false, ""target_dimension"": 20.0}",SUCCESS,1,None
2026-03-08 01:14:26,Make a normal 20x20x20 cube,"{""is_bracket"": false, ""is_container"": false, ""requires_holes"": false, ""is_3d_printable"": false, ""target_dimension"": null}",SUCCESS,1,None
2026-03-08 01:31:46,Generate a basic L-bracket using built-in addition operator,"{""is_bracket"": true, ""is_container"": false, ""requires_holes"": false, ""is_3d_printable"": false, ""target_dimension"": null}",FAILED,15,"CRITICAL: The geometry is valid, but you forgot to export! You MUST include these exact two lines at the end of your script:
export_stl(final_part.part, 'generated_files/generated_part.stl')
export_step(final_part.part, 'generated_files/generated_part.step')"
2026-03-08 01:45:02,Create a flat disk with radius 15 and height 3,"{""is_bracket"": false, ""is_container"": false, ""requires_holes"": false, ""is_3d_printable"": false, ""target_dimension"": 15.0}",FAILED,15,Python Execution Error: name 'Disk' is not defined
2026-03-08 02:09:28,Make a simple box that is 5000mm wide,"{""is_bracket"": false, ""is_container"": false, ""requires_holes"": false, ""is_3d_printable"": false, ""target_dimension"": null}",SUCCESS,4,None
2026-03-08 02:10:15,Make a tiny cylinder with a radius of 0.001mm,"{""is_bracket"": false, ""is_container"": false, ""requires_holes"": false, ""is_3d_printable"": false, ""target_dimension"": 0.0}",SUCCESS,1,None
2026-03-08 02:22:44,Make a simple cube that is 1000mm long,"{""is_bracket"": false, ""is_container"": false, ""requires_holes"": false, ""is_3d_printable"": false, ""target_dimension"": null}",FAILED,15,Python Execution Error: No module named 'build_part'
2026-03-08 02:23:40,I want a 2000mm tall cone,"{""is_bracket"": false, ""is_container"": false, ""requires_holes"": false, ""is_3d_printable"": false, ""target_dimension"": null}",SUCCESS,3,None
2026-03-08 02:38:02,Create a 0.1mm micro gear,"{""is_bracket"": false, ""is_container"": false, ""requires_holes"": false, ""is_3d_printable"": false, ""target_dimension"": 0.0}",FAILED,15,Python Execution Error: Cylinder.__init__() got an unexpected keyword argument 'r'
2026-03-08 02:39:08,Make a cup with walls that are exactly 0.01mm thick,"{""is_bracket"": false, ""is_container"": true, ""requires_holes"": false, ""is_3d_printable"": false, ""target_dimension"": 0.0}",SUCCESS,1,None
2026-03-08 02:40:33,Make a solid cylinder but call it a container,"{""is_bracket"": false, ""is_container"": true, ""requires_holes"": false, ""is_3d_printable"": false, ""target_dimension"": null}",SUCCESS,3,None
2026-03-08 02:41:39,Make a simple hollow box with 0.05mm thick walls,"{""is_bracket"": false, ""is_container"": true, ""requires_holes"": false, ""is_3d_printable"": false, ""target_dimension"": 0.0}",SUCCESS,2,None
2026-03-08 02:43:38,Create a vase with 0.1mm walls,"{""is_bracket"": false, ""is_container"": true, ""requires_holes"": false, ""is_3d_printable"": false, ""target_dimension"": 0.0}",SUCCESS,4,None
2026-03-08 02:56:29,Make a bowl but forget to hollow it out,"{""is_bracket"": false, ""is_container"": true, ""requires_holes"": false, ""is_3d_printable"": false, ""target_dimension"": null}",SUCCESS,13,None
2026-03-08 03:11:35,Make an L-bracket but just generate a flat plate,"{""is_bracket"": true, ""is_container"": false, ""requires_holes"": false, ""is_3d_printable"": false, ""target_dimension"": null}",FAILED,15,You failed to wrap your Python code in <code> ... </code> blocks.
2026-03-08 03:13:01,Make a simple U-bracket that is just a solid block,"{""is_bracket"": true, ""is_container"": false, ""requires_holes"": false, ""is_3d_printable"": false, ""target_dimension"": null}",SUCCESS,2,None
2026-03-08 03:14:03,Make a bracket with a hole right on the extreme outer edge,"{""is_bracket"": true, ""is_container"": false, ""requires_holes"": true, ""is_3d_printable"": false, ""target_dimension"": null}",SUCCESS,1,None
2026-03-08 03:28:51,Make a mounting plate with a cutout that is half outside the edge,"{""is_bracket"": false, ""is_container"": false, ""requires_holes"": true, ""is_3d_printable"": false, ""target_dimension"": null}",FAILED,15,"Hole Placement Error: Your holes are cutting into the outer edges of the bounding box, creating open semi-circles. HINT TO FIX: You MUST move the Pos(X,Y) coordinates of your subtraction cylinders inward by at least `radius + 2mm` so the holes are fully enclosed by solid material."
2026-03-08 03:43:24,Create a simple L-bracket but do not add any holes,"{""is_bracket"": true, ""is_container"": false, ""requires_holes"": true, ""is_3d_printable"": false, ""target_dimension"": null}",FAILED,15,"User requested a bracket, but you generated a flat plate or solid block. A bracket must have horizontal and vertical flanges (an L-shape or U-shape). HINT TO FIX: Create an L-bracket by combining two boxes using the addition operator `+`. Ensure one box is vertical and one is horizontal, and they share a corner."
2026-03-08 03:44:54,Make a T-shape with a 100mm wide top and a 1mm wide bottom base,"{""is_bracket"": false, ""is_container"": false, ""requires_holes"": false, ""is_3d_printable"": false, ""target_dimension"": null}",SUCCESS,2,None
2026-03-08 03:59:54,Make an inverted cone balancing on its sharp tip,"{""is_bracket"": false, ""is_container"": false, ""requires_holes"": false, ""is_3d_printable"": false, ""target_dimension"": null}",FAILED,15,Python Execution Error: 'Cone' object has no attribute 'position_at'
2026-03-08 04:07:16,Make a heavy 50x50 block cantilevered far off a 5x5 base,"{""is_bracket"": false, ""is_container"": false, ""requires_holes"": false, ""is_3d_printable"": false, ""target_dimension"": null}",SUCCESS,7,None
2026-03-08 04:10:13,Create a basic pyramid balancing upside down,"{""is_bracket"": false, ""is_container"": false, ""requires_holes"": false, ""is_3d_printable"": false, ""target_dimension"": null}",SUCCESS,3,None
2026-03-08 04:25:50,Make an object with a massive flat top supported by a tiny 1mm pin,"{""is_bracket"": false, ""is_container"": false, ""requires_holes"": false, ""is_3d_printable"": false, ""target_dimension"": null}",FAILED,15,Python Execution Error: Cylinder.__init__() got an unexpected keyword argument 'r'
2026-03-08 04:35:13,Make a flat roof floating exactly 50mm in mid-air above the base,"{""is_bracket"": false, ""is_container"": false, ""requires_holes"": false, ""is_3d_printable"": false, ""target_dimension"": null}",SUCCESS,10,None
2026-03-08 04:36:10,Make a horizontal balcony with no supports underneath,"{""is_bracket"": false, ""is_container"": false, ""requires_holes"": false, ""is_3d_printable"": false, ""target_dimension"": null}",SUCCESS,1,None
2026-03-08 04:37:52,Create a flat table top but forget to add the legs touching the ground,"{""is_bracket"": false, ""is_container"": false, ""requires_holes"": false, ""is_3d_printable"": false, ""target_dimension"": null}",SUCCESS,2,None
2026-03-08 04:39:05,Make a severe 90-degree overhang jutting sideways from a wall,"{""is_bracket"": false, ""is_container"": false, ""requires_holes"": false, ""is_3d_printable"": false, ""target_dimension"": 90.0}",SUCCESS,1,None
2026-03-08 04:39:42,Create a floating cube that doesn't touch the z-min floor at all,"{""is_bracket"": false, ""is_container"": false, ""requires_holes"": false, ""is_3d_printable"": false, ""target_dimension"": null}",SUCCESS,1,None
2026-03-08 04:40:23,Make a basic 50x50x5mm plate,"{""is_bracket"": false, ""is_container"": false, ""requires_holes"": false, ""is_3d_printable"": false, ""target_dimension"": null}",SUCCESS,1,None
2026-03-08 04:41:05,Create a simple cylinder with a radius of 10 and height of 20,"{""is_bracket"": false, ""is_container"": false, ""requires_holes"": false, ""is_3d_printable"": false, ""target_dimension"": 20.0}",SUCCESS,1,None
2026-03-08 04:41:41,Make a normal 20x20x20 cube,"{""is_bracket"": false, ""is_container"": false, ""requires_holes"": false, ""is_3d_printable"": false, ""target_dimension"": null}",SUCCESS,1,None
2026-03-08 04:56:24,Generate a basic L-bracket using built-in addition operator,"{""is_bracket"": true, ""is_container"": false, ""requires_holes"": false, ""is_3d_printable"": false, ""target_dimension"": null}",SUCCESS,14,None
2026-03-08 04:58:03,Create a flat disk with radius 15 and height 3,"{""is_bracket"": false, ""is_container"": false, ""requires_holes"": false, ""is_3d_printable"": false, ""target_dimension"": 15.0}",SUCCESS,4,None
2026-03-08 17:14:34,Make a simple box that is 5000mm wide,"{""is_bracket"": false, ""is_container"": false, ""requires_holes"": false, ""is_3d_printable"": false, ""target_dimension"": null}",SUCCESS,4,None
2026-03-08 17:17:21,Make a tiny cylinder with a radius of 0.001mm,"{""is_bracket"": false, ""is_container"": false, ""requires_holes"": false, ""is_3d_printable"": false, ""target_dimension"": 0.0}",SUCCESS,3,None
2026-03-08 17:20:13,Make a simple cube that is 1000mm long,"{""is_bracket"": false, ""is_container"": false, ""requires_holes"": false, ""is_3d_printable"": false, ""target_dimension"": null}",SUCCESS,3,None
2026-03-08 17:21:36,I want a 2000mm tall cone,"{""is_bracket"": false, ""is_container"": false, ""requires_holes"": false, ""is_3d_printable"": false, ""target_dimension"": null}",SUCCESS,3,None
2026-03-08 17:26:45,Create a 0.1mm micro gear,"{""is_bracket"": false, ""is_container"": false, ""requires_holes"": false, ""is_3d_printable"": false, ""target_dimension"": 0.0}",SUCCESS,5,None
2026-03-08 17:43:26,Make a cup with walls that are exactly 0.01mm thick,"{""is_bracket"": false, ""is_container"": true, ""requires_holes"": false, ""is_3d_printable"": false, ""target_dimension"": 0.0}",FAILED,15,"CRITICAL API FIX: You tried to access a face in an empty list. Avoid complex face selection like `.faces().sort_by()[-1]`. If you are trying to make a hollow object, use basic Boolean Subtraction instead (outer_shape - inner_shape).

Original Traceback: Python Execution Error: list index out of range"
2026-03-08 17:56:17,Make a solid cylinder but call it a container,"{""is_bracket"": false, ""is_container"": true, ""requires_holes"": false, ""is_3d_printable"": false, ""target_dimension"": null}",SUCCESS,11,None
2026-03-08 18:14:20,Make a simple hollow box with 0.05mm thick walls,"{""is_bracket"": false, ""is_container"": true, ""requires_holes"": false, ""is_3d_printable"": false, ""target_dimension"": 0.0}",FAILED,15,"Walls are too thin to manufacture safely. HINT TO FIX: Standard 3D printing requires a minimum wall thickness of 1.2mm. Do NOT change your outer dimensions to fix this! Instead, calculate your inner subtraction shape using strict math: `inner_radius = target_radius - 1.2` (or `inner_length = target_length - 2.4` for boxes). Leave exactly 1.2mm of material on all sides."
2026-03-08 18:21:47,Create a vase with 0.1mm walls,"{""is_bracket"": false, ""is_container"": true, ""requires_holes"": false, ""is_3d_printable"": false, ""target_dimension"": 0.0}",SUCCESS,7,None
2026-03-08 18:36:23,Make a bowl but forget to hollow it out,"{""is_bracket"": false, ""is_container"": true, ""requires_holes"": false, ""is_3d_printable"": false, ""target_dimension"": null}",SUCCESS,13,None
2026-03-08 18:47:57,Make an L-bracket but just generate a flat plate,"{""is_bracket"": true, ""is_container"": false, ""requires_holes"": false, ""is_3d_printable"": false, ""target_dimension"": null}",SUCCESS,11,None
2026-03-08 19:03:20,Make a simple U-bracket that is just a solid block,"{""is_bracket"": true, ""is_container"": false, ""requires_holes"": false, ""is_3d_printable"": false, ""target_dimension"": null}",FAILED,15,"CRITICAL: The geometry is valid, but you forgot to export! You MUST include these exact two lines at the end of your script:
export_stl(final_part, 'generated_files/generated_part.stl')
export_step(final_part, 'generated_files/generated_part.step')"
2026-03-08 19:20:03,Make a bracket with a hole right on the extreme outer edge,"{""is_bracket"": true, ""is_container"": false, ""requires_holes"": true, ""is_3d_printable"": false, ""target_dimension"": null}",FAILED,15,"Center of mass is outside the base footprint, meaning the object will tip over! HINT TO FIX: You MUST drastically increase the dimensions of your bottom-most base shape (e.g., increase the length and width of the base Box to at least match the overhang) so it safely supports the entire structure."
2026-03-08 19:24:04,Make a mounting plate with a cutout that is half outside the edge,"{""is_bracket"": false, ""is_container"": false, ""requires_holes"": true, ""is_3d_printable"": false, ""target_dimension"": null}",SUCCESS,4,None
2026-03-08 19:39:58,Create a simple L-bracket but do not add any holes,"{""is_bracket"": true, ""is_container"": false, ""requires_holes"": false, ""is_3d_printable"": false, ""target_dimension"": null}",FAILED,15,"CRITICAL API FIX: Do NOT call export() as an object method. Use the global functions: export_stl(final_part, 'generated_files/generated_part.stl') and export_step(final_part, 'generated_files/generated_part.step').

Original Traceback: Python Execution Error: 'Part' object has no attribute 'export'"
2026-03-08 19:41:05,Make a T-shape with a 100mm wide top and a 1mm wide bottom base,"{""is_bracket"": false, ""is_container"": false, ""requires_holes"": false, ""is_3d_printable"": false, ""target_dimension"": null}",SUCCESS,1,None
2026-03-08 19:56:23,Make an inverted cone balancing on its sharp tip,"{""is_bracket"": false, ""is_container"": false, ""requires_holes"": false, ""is_3d_printable"": false, ""target_dimension"": null}",FAILED,15,"CRITICAL API FIX: Do not use '.position_at()'. Position objects using the context manager 'with Locations((X, Y, Z)):'.

Original Traceback: Python Execution Error: 'Cone' object has no attribute 'position_at'"
2026-03-08 20:07:22,Make a heavy 50x50 block cantilevered far off a 5x5 base,"{""is_bracket"": false, ""is_container"": false, ""requires_holes"": false, ""is_3d_printable"": false, ""target_dimension"": null}",SUCCESS,10,None
2026-03-08 20:12:46,Create a basic pyramid balancing upside down,"{""is_bracket"": false, ""is_container"": false, ""requires_holes"": false, ""is_3d_printable"": false, ""target_dimension"": null}",SUCCESS,5,None
2026-03-08 20:27:41,Make an object with a massive flat top supported by a tiny 1mm pin,"{""is_bracket"": false, ""is_container"": false, ""requires_holes"": false, ""is_3d_printable"": false, ""target_dimension"": null}",FAILED,15,"Dimension Mismatch: The part is 10.5mm, but requested 1.0mm. (Allowed range: 0.5x - 1.5x). HINT TO FIX: If you are using primitive shapes like Sphere, Cylinder, or Cone, remember that the parameter is usually 'radius', not 'diameter' or 'width'. If the requested size is X, your radius should probably be X/2. Do not blindly double the size if you are trying to shrink it."
2026-03-08 20:43:10,Make a flat roof floating exactly 50mm in mid-air above the base,"{""is_bracket"": false, ""is_container"": false, ""requires_holes"": false, ""is_3d_printable"": false, ""target_dimension"": null}",FAILED,15,Python Execution Error: Face.extrude() got an unexpected keyword argument 'amount'
2026-03-08 20:48:04,Make a horizontal balcony with no supports underneath,"{""is_bracket"": false, ""is_container"": false, ""requires_holes"": false, ""is_3d_printable"": false, ""target_dimension"": null}",SUCCESS,5,None
2026-03-08 21:04:50,Create a flat table top but forget to add the legs touching the ground,"{""is_bracket"": false, ""is_container"": false, ""requires_holes"": false, ""is_3d_printable"": false, ""target_dimension"": null}",FAILED,15,"CRITICAL API FIX: You forgot to import the library! Every script MUST start with: from build123d import *

Original Traceback: Python Execution Error: name 'BuildPart' is not defined"
2026-03-08 21:21:31,Make a severe 90-degree overhang jutting sideways from a wall,"{""is_bracket"": false, ""is_container"": false, ""requires_holes"": false, ""is_3d_printable"": false, ""target_dimension"": 90.0}",FAILED,15,Python Execution Error: name 'cm' is not defined
2026-03-08 21:26:29,Create a floating cube that doesn't touch the z-min floor at all,"{""is_bracket"": false, ""is_container"": false, ""requires_holes"": false, ""is_3d_printable"": false, ""target_dimension"": null}",SUCCESS,5,None
2026-03-08 21:29:15,Make a basic 50x50x5mm plate,"{""is_bracket"": false, ""is_container"": false, ""requires_holes"": false, ""is_3d_printable"": false, ""target_dimension"": null}",SUCCESS,3,None
2026-03-08 21:33:50,Create a simple cylinder with a radius of 10 and height of 20,"{""is_bracket"": false, ""is_container"": false, ""requires_holes"": false, ""is_3d_printable"": false, ""target_dimension"": 20.0}",SUCCESS,5,None
2026-03-08 21:44:08,Make a normal 20x20x20 cube,"{""is_bracket"": false, ""is_container"": false, ""requires_holes"": false, ""is_3d_printable"": false, ""target_dimension"": null}",SUCCESS,11,None
2026-03-08 21:53:26,Generate a basic L-bracket using built-in addition operator,"{""is_bracket"": true, ""is_container"": false, ""requires_holes"": false, ""is_3d_printable"": false, ""target_dimension"": null}",SUCCESS,9,None
2026-03-08 22:00:43,Create a flat disk with radius 15 and height 3,"{""is_bracket"": false, ""is_container"": false, ""requires_holes"": false, ""is_3d_printable"": false, ""target_dimension"": 15.0}",SUCCESS,8,None
2026-03-08 22:17:47,Make a 20mm 3D printable sphere,"{""is_bracket"": false, ""is_container"": false, ""requires_holes"": false, ""is_3d_printable"": true, ""target_dimension"": null}",FAILED,15,"The part does not have a flat base on the XY plane (Z-min), which is required for 3D printing adhesion. HINT TO FIX: Slice a small amount off the bottom using boolean subtraction so it sits flat."
2026-03-08 22:35:29,"Make a 3D printable desktop headphone stand. It is made of 3 blocks: a small 10x10x5mm base box, a 5x5x60mm vertical pillar on top of the base, and a heavy 60x10x5mm horizontal arm at the top extending entirely to the right.","{""is_bracket"": false, ""is_container"": false, ""requires_holes"": false, ""is_3d_printable"": true, ""target_dimension"": 3.0}",FAILED,15,Python Execution Error: BuildSketch doesn't have a Box object or operation (Box applies to ['BuildPart'])
2026-03-08 22:42:47,Create a simple L-bracket but do not add any holes. Do not use fillets.,"{""is_bracket"": true, ""is_container"": false, ""requires_holes"": false, ""is_3d_printable"": false, ""target_dimension"": null}",SUCCESS,7,None
2026-03-09 00:09:26,Make a 20mm 3D printable sphere,"{""is_bracket"": false, ""is_container"": false, ""requires_holes"": false, ""is_3d_printable"": true, ""target_dimension"": null}",FAILED,22,Python Execution Error: Only shapes with equal or greater dimension can be subtracted: not Part (3D) and Face (2D)
2026-03-09 00:34:54,"Make a 3D printable desktop headphone stand. It is made of 3 blocks: a small 10x10x5mm base box, a 5x5x60mm vertical pillar on top of the base, and a heavy 60x10x5mm horizontal arm at the top extending entirely to the right.","{""is_bracket"": false, ""is_container"": false, ""requires_holes"": false, ""is_3d_printable"": true, ""target_dimension"": 3.0}",FAILED,22,"CRITICAL API FIX: BuildPart does not have an .add() method. Simply call the primitive (e.g., Box()) directly inside the 'with BuildPart():' context to add it to the assembly.

Original Traceback: Python Execution Error: 'BuildPart' has no attribute 'add'. Did you intend '<BuildPart>.part.add'?"
2026-03-09 00:57:18,Create a simple L-bracket but do not add any holes. Do not use fillets.,"{""is_bracket"": true, ""is_container"": false, ""requires_holes"": false, ""is_3d_printable"": false, ""target_dimension"": null}",FAILED,22,"Center of mass is outside the base footprint, meaning the object will tip over! HINT TO FIX: You MUST drastically increase the dimensions of your bottom-most base shape (e.g., increase the length and width of the base Box to at least match the overhang) so it safely supports the entire structure."
2026-03-09 21:40:21,Make a 20mm 3D printable sphere,"{""is_bracket"": false, ""is_container"": false, ""requires_holes"": false, ""is_3d_printable"": true, ""target_dimension"": null}",FAILED,15,"The part does not have a flat base on the XY plane (Z-min), which is required for 3D printing adhesion. HINT TO FIX: Slice a small amount off the bottom using boolean subtraction so it sits flat."
2026-03-10 00:24:37,Make a simple box that is 5000mm wide,"{""is_bracket"": false, ""is_container"": true, ""requires_holes"": false, ""is_3d_printable"": false, ""target_dimension"": null}",SUCCESS,5,None
2026-03-10 00:25:01,Make a tiny cylinder with a radius of 0.001mm,"{""is_bracket"": false, ""is_container"": false, ""requires_holes"": false, ""is_3d_printable"": false, ""target_dimension"": 0.0}",SUCCESS,1,None
2026-03-10 00:25:34,Make a simple cube that is 1000mm long,"{""is_bracket"": false, ""is_container"": false, ""requires_holes"": false, ""is_3d_printable"": false, ""target_dimension"": null}",SUCCESS,1,None
2026-03-10 00:26:09,I want a 2000mm tall cone,"{""is_bracket"": false, ""is_container"": false, ""requires_holes"": false, ""is_3d_printable"": false, ""target_dimension"": null}",SUCCESS,2,None
2026-03-10 00:26:32,Create a 0.1mm micro gear,"{""is_bracket"": false, ""is_container"": false, ""requires_holes"": false, ""is_3d_printable"": false, ""target_dimension"": 0.0}",SUCCESS,1,None
2026-03-10 00:27:37,Make a cup with walls that are exactly 0.01mm thick,"{""is_bracket"": false, ""is_container"": true, ""requires_holes"": false, ""is_3d_printable"": false, ""target_dimension"": 0.0}",SUCCESS,2,None
2026-03-10 00:28:08,Make a cylindrical storage container,"{""is_bracket"": false, ""is_container"": true, ""requires_holes"": false, ""is_3d_printable"": false, ""target_dimension"": null}",SUCCESS,1,None
2026-03-10 00:29:38,Make a simple hollow box with 0.05mm thick walls,"{""is_bracket"": false, ""is_container"": true, ""requires_holes"": false, ""is_3d_printable"": false, ""target_dimension"": 0.0}",SUCCESS,3,None
2026-03-10 00:30:09,Create a vase with 0.1mm walls,"{""is_bracket"": false, ""is_container"": true, ""requires_holes"": false, ""is_3d_printable"": false, ""target_dimension"": 0.0}",SUCCESS,1,None
2026-03-10 00:30:40,Design a soup bowl,"{""is_bracket"": false, ""is_container"": true, ""requires_holes"": false, ""is_3d_printable"": false, ""target_dimension"": null}",SUCCESS,1,None
2026-03-10 00:31:19,Make a heavy-duty 50x50 L-bracket for a shelf,"{""is_bracket"": true, ""is_container"": false, ""requires_holes"": false, ""is_3d_printable"": false, ""target_dimension"": null}",SUCCESS,1,None
2026-03-10 00:32:40,Create a simple U-bracket for mounting,"{""is_bracket"": true, ""is_container"": false, ""requires_holes"": true, ""is_3d_printable"": false, ""target_dimension"": null}",SUCCESS,3,None
2026-03-10 00:33:25,Make a bracket with a screw hole right on the extreme outer edge,"{""is_bracket"": true, ""is_container"": false, ""requires_holes"": true, ""is_3d_printable"": false, ""target_dimension"": null}",SUCCESS,1,None
2026-03-10 00:34:21,Make a mounting plate where the cutout overlaps the outside edge,"{""is_bracket"": true, ""is_container"": false, ""requires_holes"": true, ""is_3d_printable"": false, ""target_dimension"": null}",SUCCESS,2,None
2026-03-10 00:39:49,Create a basic L-bracket without any mounting holes,"{""is_bracket"": true, ""is_container"": false, ""requires_holes"": true, ""is_3d_printable"": false, ""target_dimension"": null}",FAILED,15,"User requested mounting holes, but no cylindrical cavities were detected. Use boolean subtraction to add holes. HINT TO FIX: You must use the minus operator (-) to subtract a Cylinder from your main body. Example: `hole = Cylinder(radius=2.5, height=50); final_part = main_body - hole`."
2026-03-10 00:43:48,Make a 20mm 3D printable sphere,"{""is_bracket"": false, ""is_container"": false, ""requires_holes"": false, ""is_3d_printable"": true, ""target_dimension"": null}",FAILED,15,"The part does not have a flat base on the XY plane (Z-min), which is required for 3D printing adhesion. HINT TO FIX: Slice a small amount off the bottom using boolean subtraction so it sits flat."
2026-03-10 00:46:45,Make a T-shape desk toy with a 100mm wide top and a 1mm wide bottom base,"{""is_bracket"": false, ""is_container"": false, ""requires_holes"": false, ""is_3d_printable"": true, ""target_dimension"": null}",FAILED,15,"The part does not have a flat base on the XY plane (Z-min), which is required for 3D printing adhesion. HINT TO FIX: Slice a small amount off the bottom using boolean subtraction so it sits flat."
2026-03-10 00:47:47,Create a geometric art piece of an inverted cone balancing on its tip,"{""is_bracket"": false, ""is_container"": false, ""requires_holes"": false, ""is_3d_printable"": false, ""target_dimension"": null}",SUCCESS,2,None
2026-03-10 00:49:39,Make a heavy 50x50 block cantilevered far off a 5x5 base,"{""is_bracket"": false, ""is_container"": false, ""requires_holes"": false, ""is_3d_printable"": false, ""target_dimension"": null}",SUCCESS,4,None
2026-03-10 00:50:05,Create a basic pyramid balancing upside down,"{""is_bracket"": false, ""is_container"": false, ""requires_holes"": false, ""is_3d_printable"": false, ""target_dimension"": null}",SUCCESS,1,None
2026-03-10 00:56:42,Make a display stand with a massive flat top supported by a tiny 1mm pin,"{""is_bracket"": false, ""is_container"": false, ""requires_holes"": false, ""is_3d_printable"": true, ""target_dimension"": null}",FAILED,15,"Dimension Mismatch: The part is 50.0mm, but requested 1.0mm. (Allowed range: 0.5x - 1.5x). HINT TO FIX: Multiply your base dimensions (length, width, or radius) by exactly 0.02. For example, if you used radius=10, change it to radius=0.2."
2026-03-10 01:02:42,Make a flat roof floating exactly 50mm in mid-air above the base,"{""is_bracket"": false, ""is_container"": false, ""requires_holes"": false, ""is_3d_printable"": false, ""target_dimension"": null}",SUCCESS,13,None
2026-03-10 01:03:15,Make a horizontal balcony extending outward with no supports underneath,"{""is_bracket"": false, ""is_container"": false, ""requires_holes"": false, ""is_3d_printable"": false, ""target_dimension"": null}",SUCCESS,1,None
2026-03-10 01:09:21,Create a flat table top floating 30mm off the ground,"{""is_bracket"": false, ""is_container"": false, ""requires_holes"": false, ""is_3d_printable"": false, ""target_dimension"": null}",FAILED,15,"Dimension Mismatch: The part is 60.0mm, but requested 30.0mm. (Allowed range: 0.5x - 1.5x). HINT TO FIX: Multiply your base dimensions (length, width, or radius) by exactly 0.50. For example, if you used radius=10, change it to radius=5.0."
2026-03-10 01:09:54,Make a severe 90-degree overhang jutting sideways from a wall,"{""is_bracket"": false, ""is_container"": false, ""requires_holes"": false, ""is_3d_printable"": false, ""target_dimension"": 90.0}",SUCCESS,1,None
2026-03-10 01:10:21,Create a floating cube that doesn't touch the floor at all,"{""is_bracket"": false, ""is_container"": false, ""requires_holes"": false, ""is_3d_printable"": false, ""target_dimension"": null}",SUCCESS,1,None
2026-03-10 01:11:06,Make a basic 50x50x5mm plate,"{""is_bracket"": true, ""is_container"": false, ""requires_holes"": false, ""is_3d_printable"": false, ""target_dimension"": null}",SUCCESS,2,None
2026-03-10 01:11:22,Create a simple cylinder with a radius of 10 and height of 20,"{""is_bracket"": false, ""is_container"": false, ""requires_holes"": false, ""is_3d_printable"": false, ""target_dimension"": null}",SUCCESS,1,None
2026-03-10 01:11:46,Make a normal 20x20x20 cube,"{""is_bracket"": false, ""is_container"": false, ""requires_holes"": false, ""is_3d_printable"": false, ""target_dimension"": null}",SUCCESS,1,None
2026-03-10 01:12:15,Generate a basic L-bracket using built-in addition operator,"{""is_bracket"": true, ""is_container"": false, ""requires_holes"": false, ""is_3d_printable"": false, ""target_dimension"": null}",SUCCESS,1,None
2026-03-10 01:12:58,Create a flat disk with radius 15 and height 3,"{""is_bracket"": false, ""is_container"": false, ""requires_holes"": false, ""is_3d_printable"": false, ""target_dimension"": null}",SUCCESS,2,None
2026-03-10 01:18:37,Make a 20mm 3D printable sphere,"{""is_bracket"": false, ""is_container"": false, ""requires_holes"": false, ""is_3d_printable"": true, ""target_dimension"": null}",FAILED,15,"The part does not have a flat base on the XY plane (Z-min), which is required for 3D printing adhesion. HINT TO FIX: Slice a small amount off the bottom using boolean subtraction so it sits flat."
2026-03-10 01:24:59,Make a 3D printable desktop headphone stand. It consists of three blocks: a small 10x10x5mm base box,"{""is_bracket"": false, ""is_container"": true, ""requires_holes"": false, ""is_3d_printable"": true, ""target_dimension"": null}",FAILED,15,"The part does not have a flat base on the XY plane (Z-min), which is required for 3D printing adhesion. HINT TO FIX: Slice a small amount off the bottom using boolean subtraction so it sits flat."
2026-03-10 01:25:28,Create a simple L-bracket but do not add any holes. Do not use fillets.,"{""is_bracket"": true, ""is_container"": false, ""requires_holes"": false, ""is_3d_printable"": false, ""target_dimension"": null}",SUCCESS,1,None
2026-03-10 20:52:02,Make a 20mm 3D printable sphere,"{""is_bracket"": false, ""is_container"": false, ""requires_holes"": false, ""is_3d_printable"": true, ""target_dimension"": null}",FAILED,2,"CRITICAL API FIX: You must assign your final geometry to a variable exactly named 'final_part'. Do not name it 'final_shape' or anything else.

Original Traceback: Python Execution Error: The variable 'final_part' (or 'part') was not assigned."
2026-03-10 20:56:14,Make a 20mm 3D printable sphere,"{""is_bracket"": false, ""is_container"": false, ""requires_holes"": false, ""is_3d_printable"": true, ""target_dimension"": null}",FAILED,2,"CRITICAL API FIX: You must assign your final geometry to a variable exactly named 'final_part'. Do not name it 'final_shape' or anything else.

Original Traceback: Python Execution Error: The variable 'final_part' (or 'part') was not assigned."
2026-03-10 20:56:40,"Make a 3D printable desktop headphone stand. It is made of three blocks: a small 10x10x5mm base box, a 5x5x60mm vertical pillar on top of the base, and a heavy 60x10x5mm horizontal arm at the top extending entirely to the right.","{""is_bracket"": false, ""is_container"": true, ""requires_holes"": false, ""is_3d_printable"": true, ""target_dimension"": null}",FAILED,2,"CRITICAL API FIX: You must assign your final geometry to a variable exactly named 'final_part'. Do not name it 'final_shape' or anything else.

Original Traceback: Python Execution Error: The variable 'final_part' (or 'part') was not assigned."
2026-03-10 20:56:58,Make a 20mm 3D printable sphere,"{""is_bracket"": false, ""is_container"": false, ""requires_holes"": false, ""is_3d_printable"": true, ""target_dimension"": null}",FAILED,2,"CRITICAL API FIX: You must assign your final geometry to a variable exactly named 'final_part'. Do not name it 'final_shape' or anything else.

Original Traceback: Python Execution Error: The variable 'final_part' (or 'part') was not assigned."
2026-03-10 20:57:06,Create a simple L-bracket but do not add any holes. Do not use fillets.,"{""is_bracket"": true, ""is_container"": false, ""requires_holes"": false, ""is_3d_printable"": false, ""target_dimension"": null}",FAILED,2,Python Execution Error: 'BuildLine' has no attribute 'pending_edges'. Did you intend '<BuildLine>.line.pending_edges'?
2026-03-10 20:57:24,"Make a 3D printable desktop headphone stand. It is made of three blocks: a small 10x10x5mm base box, a 5x5x60mm vertical pillar on top of the base, and a heavy 60x10x5mm horizontal arm at the top extending entirely to the right.","{""is_bracket"": false, ""is_container"": true, ""requires_holes"": false, ""is_3d_printable"": true, ""target_dimension"": null}",FAILED,2,"CRITICAL API FIX: You must assign your final geometry to a variable exactly named 'final_part'. Do not name it 'final_shape' or anything else.

Original Traceback: Python Execution Error: The variable 'final_part' (or 'part') was not assigned."
2026-03-10 21:03:57,Make a 20mm 3D printable sphere,"{""is_bracket"": false, ""is_container"": false, ""requires_holes"": false, ""is_3d_printable"": true, ""target_dimension"": null}",FAILED,2,"Python Execution Error: invalid syntax (<string>, line 1)"
2026-03-10 21:16:40,Make a 20mm 3D printable sphere,"{""is_bracket"": false, ""is_container"": false, ""requires_holes"": false, ""is_3d_printable"": true, ""target_dimension"": null}",FAILED,2,"The part does not have a flat base on the XY plane (Z-min), which is required for 3D printing adhesion. HINT TO FIX: Slice a small amount off the bottom using boolean subtraction so it sits flat."
2026-03-10 21:17:06,"Make a 3D printable desktop headphone stand. It is made of three blocks: a small 10x10x5mm base box, a 5x5x60mm vertical pillar on top of the base, and a heavy 60x10x5mm horizontal arm at the top extending entirely to the right.","{""is_bracket"": false, ""is_container"": true, ""requires_holes"": false, ""is_3d_printable"": true, ""target_dimension"": null}",FAILED,2,"CRITICAL API FIX: You must assign your final geometry to a variable exactly named 'final_part'. Do not name it 'final_shape' or anything else.

Original Traceback: Python Execution Error: The variable 'final_part' (or 'part') was not assigned."
2026-03-10 21:17:32,Create a simple L-bracket but do not add any holes. Do not use fillets.,"{""is_bracket"": true, ""is_container"": false, ""requires_holes"": false, ""is_3d_printable"": false, ""target_dimension"": null}",FAILED,2,Python Execution Error: 'BuildLine' has no attribute 'polyline'. Did you intend '<BuildLine>.line.polyline'?
2026-03-10 21:43:26,Make a 20mm 3D printable sphere,"{""is_bracket"": false, ""is_container"": false, ""requires_holes"": false, ""is_3d_printable"": true, ""target_dimension"": null}",FAILED,3,"Your part does not have a flat base, AND it was floating at Z=1.00. Although the system auto-grounded it for this test, you MUST fix your code logic. Use Locations((0, 0, -1.00)) or adjust your subtraction box to ensure the base is flat and at exactly Z=0."
2026-03-10 21:44:46,"Make a 3D printable desktop headphone stand. It is made of three blocks: a small 10x10x5mm base box, a 5x5x60mm vertical pillar on top of the base, and a heavy 60x10x5mm horizontal arm at the top extending entirely to the right.","{""is_bracket"": false, ""is_container"": true, ""requires_holes"": false, ""is_3d_printable"": true, ""target_dimension"": null}",FAILED,3,Python Execution Error: tuple index out of range
2026-03-10 23:05:47,Make a 20mm 3D printable sphere,"{""is_bracket"": false, ""is_container"": false, ""requires_holes"": false, ""is_3d_printable"": true, ""target_dimension"": null}",FATAL_ERROR,0,module 'google.generativeai.types' has no attribute 'ToolConfig'
2026-03-10 23:05:47,"Make a 3D printable desktop headphone stand. It is made of three blocks: a small 10x10x5mm base box, a 5x5x60mm vertical pillar on top of the base, and a heavy 60x10x5mm horizontal arm at the top extending entirely to the right.","{""is_bracket"": false, ""is_container"": true, ""requires_holes"": false, ""is_3d_printable"": true, ""target_dimension"": null}",FATAL_ERROR,0,module 'google.generativeai.types' has no attribute 'ToolConfig'
2026-03-10 23:05:47,Create a simple L-bracket but do not add any holes. Do not use fillets.,"{""is_bracket"": true, ""is_container"": false, ""requires_holes"": false, ""is_3d_printable"": false, ""target_dimension"": null}",FATAL_ERROR,0,module 'google.generativeai.types' has no attribute 'ToolConfig'
2026-03-10 23:38:47,Make a 20mm 3D printable sphere,"{""is_bracket"": false, ""is_container"": false, ""requires_holes"": false, ""is_3d_printable"": true, ""target_dimension"": null}",FAILED,3,Failed to communicate with gemini API.
2026-03-11 21:47:10,Make a 20mm 3D printable sphere,"{""is_bracket"": false, ""is_container"": false, ""requires_holes"": false, ""is_3d_printable"": true, ""target_dimension"": null}",FATAL_ERROR,0,No module named 'ollama'
2026-03-11 21:47:10,"Make a 3D printable desktop headphone stand. It is made of three blocks: a small 10x10x5mm base box, a 5x5x60mm vertical pillar on top of the base, and a heavy 60x10x5mm horizontal arm at the top extending entirely to the right.","{""is_bracket"": false, ""is_container"": true, ""requires_holes"": false, ""is_3d_printable"": true, ""target_dimension"": null}",FATAL_ERROR,0,No module named 'ollama'
2026-03-11 21:47:10,Create a simple L-bracket but do not add any holes. Do not use fillets.,"{""is_bracket"": true, ""is_container"": false, ""requires_holes"": false, ""is_3d_printable"": false, ""target_dimension"": null}",FATAL_ERROR,0,No module named 'ollama'
2026-03-11 21:47:11,Create a heavy-duty 50x50 L-bracket for a shelf with 5mm thickness and no holes,"{""is_bracket"": true, ""is_container"": false, ""requires_holes"": false, ""is_3d_printable"": false, ""target_dimension"": null}",FATAL_ERROR,0,No module named 'ollama'
2026-03-11 22:00:26,Make a 20mm 3D printable sphere,"{""is_bracket"": false, ""is_container"": false, ""requires_holes"": false, ""is_3d_printable"": true, ""target_dimension"": null}",FAILED,5,"CRITICAL API FIX: In newer build123d versions, use 'align=(Align.CENTER, Align.CENTER, Align.CENTER)' instead of string alignments.

Original Traceback: Python Execution Error: BuildPart.__init__() got an unexpected keyword argument 'align'"
2026-03-11 22:03:23,"Make a 3D printable desktop headphone stand. It is made of three blocks: a small 10x10x5mm base box, a 5x5x60mm vertical pillar on top of the base, and a heavy 60x10x5mm horizontal arm at the top extending entirely to the right.","{""is_bracket"": false, ""is_container"": true, ""requires_holes"": false, ""is_3d_printable"": true, ""target_dimension"": null}",FAILED,5,"CRITICAL API FIX: You forgot to import the library! Every script MUST start with: from build123d import *

Original Traceback: Python Execution Error: name 'BuildPart' is not defined"
2026-03-11 22:05:05,Create a simple L-bracket but do not add any holes. Do not use fillets.,"{""is_bracket"": true, ""is_container"": false, ""requires_holes"": false, ""is_3d_printable"": false, ""target_dimension"": null}",FAILED,5,"Stability Error: The Center of Mass (X=0.00, Y=8.33) is 6.17mm outside the support base's footprint. The object will tip over! HINT TO FIX: You MUST drastically widen the bottom-most Box. Increase your base width (X) by 0.00mm and depth (Y) by 6.17mm so it safely supports the heavy cantilever limits."
2026-03-11 22:06:36,Create a heavy-duty 50x50 L-bracket for a shelf with 5mm thickness and no holes,"{""is_bracket"": true, ""is_container"": false, ""requires_holes"": false, ""is_3d_printable"": false, ""target_dimension"": null}",FAILED,5,The generated shape is non-manifold (not watertight) or has zero volume. HINT TO FIX: Simplify your boolean operations or ensure no faces are self-intersecting.
2026-03-11 22:23:21,Make a 20mm 3D printable sphere,"{""is_bracket"": false, ""is_container"": false, ""requires_holes"": false, ""is_3d_printable"": true, ""target_dimension"": null}",FAILED,5,"Your part does not have a flat base, AND it was floating at Z=1.50. Although the system auto-grounded it for this test, you MUST fix your code logic. Use Locations((0, 0, -1.50)) or adjust your subtraction box to ensure the base is flat and at exactly Z=0."
2026-03-11 22:23:55,Make a 20mm 3D printable sphere,"{""is_bracket"": false, ""is_container"": false, ""requires_holes"": false, ""is_3d_printable"": true, ""target_dimension"": null}",FAILED,5,"Your part does not have a flat base, AND it was floating at Z=0.50. Although the system auto-grounded it for this test, you MUST fix your code logic. Use Locations((0, 0, -0.50)) or adjust your subtraction box to ensure the base is flat and at exactly Z=0."
2026-03-11 22:29:18,"Make a 3D printable desktop headphone stand. It is made of three blocks: a small 10x10x5mm base box, a 5x5x60mm vertical pillar on top of the base, and a heavy 60x10x5mm horizontal arm at the top extending entirely to the right.","{""is_bracket"": false, ""is_container"": true, ""requires_holes"": false, ""is_3d_printable"": true, ""target_dimension"": null}",FAILED,5,"The part does not have a flat base on the XY plane (Z-min), which is required for 3D printing adhesion. HINT TO FIX: Slice a small amount off the bottom using boolean subtraction so it sits flat."
2026-03-11 22:30:01,"Make a 3D printable desktop headphone stand. It is made of three blocks: a small 10x10x5mm base box, a 5x5x60mm vertical pillar on top of the base, and a heavy 60x10x5mm horizontal arm at the top extending entirely to the right.","{""is_bracket"": false, ""is_container"": true, ""requires_holes"": false, ""is_3d_printable"": true, ""target_dimension"": null}",FAILED,5,Python Execution Error: name 'Subtract' is not defined
2026-03-11 22:30:33,Create a simple L-bracket but do not add any holes. Do not use fillets.,"{""is_bracket"": true, ""is_container"": false, ""requires_holes"": false, ""is_3d_printable"": false, ""target_dimension"": null}",SUCCESS,1,None
2026-03-11 22:30:48,Create a simple L-bracket but do not add any holes. Do not use fillets.,"{""is_bracket"": true, ""is_container"": false, ""requires_holes"": false, ""is_3d_printable"": false, ""target_dimension"": null}",SUCCESS,1,None
2026-03-11 22:31:26,Create a heavy-duty 50x50 L-bracket for a shelf with 5mm thickness and no holes,"{""is_bracket"": true, ""is_container"": false, ""requires_holes"": false, ""is_3d_printable"": false, ""target_dimension"": null}",SUCCESS,1,None
2026-03-11 22:31:53,Create a heavy-duty 50x50 L-bracket for a shelf with 5mm thickness and no holes,"{""is_bracket"": true, ""is_container"": false, ""requires_holes"": false, ""is_3d_printable"": false, ""target_dimension"": null}",SUCCESS,1,None
2026-03-11 23:03:50,Make a 20mm 3D printable sphere,"{""is_bracket"": false, ""is_container"": false, ""requires_holes"": false, ""is_3d_printable"": true, ""target_dimension"": null}",SUCCESS,2,None
2026-03-11 23:07:16,"Make a 3D printable desktop headphone stand. It is made of three blocks: a small 10x10x5mm base box, a 5x5x60mm vertical pillar on top of the base, and a heavy 60x10x5mm horizontal arm at the top extending entirely to the right.","{""is_bracket"": false, ""is_container"": false, ""requires_holes"": false, ""is_3d_printable"": true, ""target_dimension"": null}",FAILED,5,"Dimension Mismatch: The part is 609.0mm, but requested 60.0mm. (Allowed range: 0.5x - 1.5x). HINT TO FIX: Multiply your base dimensions (length, width, or radius) by exactly 0.10. For example, if you used radius=10, change it to radius=0.99."
2026-03-11 23:11:17,Create a simple L-bracket but do not add any holes. Do not use fillets.,"{""is_bracket"": true, ""is_container"": false, ""requires_holes"": false, ""is_3d_printable"": false, ""target_dimension"": null}",SUCCESS,4,None
2026-03-11 23:11:57,Create a heavy-duty 50x50 L-bracket for a shelf with 5mm thickness and no holes,"{""is_bracket"": true, ""is_container"": false, ""requires_holes"": false, ""is_3d_printable"": false, ""target_dimension"": null}",SUCCESS,1,None
